{
  "name": "nodejs-express-sequelize-postgresql",
  "version": "1.0.0",
  "description": "Node.js Rest Apis with Express, Sequelize & PostgreSQL.",
  "main": "index.js",
  "scripts": {
    "test": "echo \"Error: no test specified\" && exit 1"
  },
  "author": "Lydia",
  "license": "ISC",
  "keywords": [
    "nodejs",
    "express",
    "sequelize",
    "postgresql",
    "rest",
    "api"
  ],
  "dependencies": {
    "body-parser": "^1.19.0",
    "cors": "^2.8.5",
    "express": "^4.17.1",
    "pg": "^8.5.1",
    "pg-hstore": "^2.3.3",
    "sequelize": "^6.6.2"
  }
}
